;Company;Category;Keywords;;;;;
;Abreva;Healthcare;Cold Sore Treatment, Healthcare;;;;;
;Activa;Food & Beverage;Yogurt, Probiotics;;;;;
;Accenture;Consulting;Business Consulting, IT Services;;;;;
;AccuWeather;Weather;Weather Forecast, Meteorology;;;;;
;Acqua Panna;Beverage;Bottled Water, Mineral Water;;;;;
;Acti Mel;Health;Honey, Health;;;;;
;Activia;Food & Beverage;Yogurt, Probiotics;;;;;
;Adafresh & Shoham;Agriculture;Fresh Produce, Agriculture;;;;;
;Advil;Healthcare;Pain Relief, Ibuprofen;;;;;
;Ades;Beverage;Plant-Based Beverage, Soy Milk;;;;;
;Aero;Food & Beverage;Chocolate, Nestle;;;;;
;Aesop;Skincare;Skincare Products, Beauty;;;;;
;AHAVA;Skincare;Dead Sea Minerals, Skincare;;;;;
;Airbnb;Hospitality;Short-Term Rentals, Travel;;;;;
;Alexander Style;Fashion;Clothing, Style;;;;;
;ALGIDA;Food & Beverage;Ice Cream, Algida;;;;;
;Alice and Olivia;Fashion;Women's Fashion, Designer;;;;;
;Align Probiotic;Healthcare;Probiotics, Digestive Health;;;;;
;ALLiBERT;Furniture;Outdoor Furniture, Home Decor;;;;;
;All Good;Skincare;Organic Skincare, Beauty;;;;;
;Alpro;Food & Beverage;Plant-Based, Dairy Alternatives;;;;;
;ALSTOM;Transportation;Railway Systems, Transportation;;;;;
;Alsafi;Food & Beverage;Dairy, Milk;;;;;
;Alterna;Haircare;Haircare Products, Beauty;;;;;
;Always;Hygiene;Feminine Hygiene, Menstrual Products;;;;;
;Always Discreet;Hygiene;Incontinence Products, Hygiene;;;;;
;Amazon;E-commerce;Online Retail, Technology;;;;;
;American Eagle;Fashion;Clothing, Apparel;;;;;
;American Express;Finance;Credit Cards, Financial Services;;;;;
;American Beauty;Cosmetics;Cosmetics, Beauty;;;;;
;Amway;Health;Nutritional Supplements, Health;;;;;
;Amika;Haircare;Hair Styling, Beauty;;;;;
;American Eagle Outfitters;Fashion;Clothing, Apparel;;;;;
;Andrex;Hygiene;Toilet Paper, Hygiene;;;;;
;Antika Erboristeria;Health;Herbal Supplements, Health;;;;;
;Ancor;Marine;Marine Electronics, Boating;;;;;
;Anmum;Nutrition;Maternal Nutrition, Health;;;;;
;Anlene;Nutrition;Bone Health, Dairy Alternatives;;;;;
;Annie's;Food & Beverage;Organic Food, Snacks;;;;;
;AOL;Technology;Internet, Media;;;;;
;Aon PLC;Insurance;Insurance, Risk Management;;;;;
;Apollo;Space;Space Exploration, Aerospace;;;;;
;Apple;Technology;Electronics, Devices;;;;;
;Apple Inc.;Technology;Electronics, Devices;;;;;
;Aptamil;Nutrition;Baby Formula, Infant Nutrition;;;;;
;Appletiser;Beverage;Sparkling Juice, Soft Drink;;;;;
;AQUAFINA;Beverage;Bottled Water, Soft Drink;;;;;
;Aqua dOr;Beverage;Bottled Water, Soft Drink;;;;;
;Aquafresh;Hygiene;Toothpaste, Oral Care;;;;;
;Arava;Skincare;Dead Sea Skincare, Beauty;;;;;
;ARIEL;Household;Laundry Detergent, Cleaning;;;;;
;Aramis;Fragrance;Men's Fragrance, Perfume;;;;;
;Atelier Cologne;Fragrance;Cologne, Perfume;;;;;
;Authentic Brands;Fashion;Brand Management, Licensing;;;;;
;Authentic Beauty Concept;Haircare;Salon Products, Beauty;;;;;
;Australian Diaries;Food & Beverage;Dairy, Milk;;;;;
;Autumn's Gold;Food & Beverage;Granola Bars, Snacks;;;;;
;Aussie;Haircare;Haircare Products, Beauty;;;;;
;Aveda;Haircare;Natural Haircare, Beauty;;;;;
;AXE;Men's Grooming;Men's Grooming, Body Spray;;;;;
;AXA;Insurance;Insurance, Financial Services;;;;;
;Axalta Coating System Ltd;Coatings;Coating Solutions, Industrial;;;;;
;Babller;Technology;Communication, Messaging;;;;;
;Babynov USA;Baby Products;Baby Care, Parenting;;;;;
;BAGIR;Fashion;Men's Fashion, Clothing;;;;;
;Bagley;Food & Beverage;Snacks, Chips;;;;;
;Bain de Terre;Haircare;Haircare Products, Beauty;;;;;
;Bank of America;Finance;Banking, Financial Services;;;;;
;Bank of America Corp;Finance;Banking, Financial Services;;;;;
;Barnangen;Skincare;Shower Products, Beauty;;;;;
;Barada;Food & Beverage;Olive Oil, Mediterranean;;;;;
;Barq's;Beverage;Root Beer, Soft Drink;;;;;
;Baskin Robbins;Food & Beverage;Ice Cream, Dessert;;;;;
;Baskin Robin;Food & Beverage;Ice Cream, Dessert;;;;;
;Bath & Body Works;Beauty;Body Care, Fragrance;;;;;
;Baupost Group;Finance;Hedge Fund, Investment;;;;;
;Cacharel;Fashion;Perfume, Women's Fashion;;;;;
;Cadbury;Food & Beverage;Chocolate, Confectionery;;;;;
;Calgon;Household;Water Softener, Cleaning;;;;;
;Caltex;Energy;Fuel, Gasoline;;;;;
;CAMAY;Hygiene;Soap, Beauty;;;;;
;Camelia;Beverage;Tea, Camelia Sinensis;;;;;
;Capri Holdings;Fashion;Luxury Fashion, Apparel;;;;;
;Carmel Agrexco;Agriculture;Agricultural Exports, Fresh Produce;;;;;
;Carmy;Food & Beverage;Dairy, Milk;;;;;
;Carnation;Food & Beverage;Evaporated Milk, Dairy;;;;;
;Carmel;Beverage;Wine, Winery;;;;;
;Carrefour;Retail;Hypermarket, Supermarket;;;;;
;Caribou Coffee;Food & Beverage;Coffee, Coffeehouse;;;;;
;Cascadian Farm;Food & Beverage;Organic Farming, Cereal;;;;;
;Cascade;Household;Dishwasher Detergent, Cleaning;;;;;
;CATERPILLAR;Machinery;Construction Equipment, Machinery;;;;;
;Calvin Klein;Fashion;Apparel, Fragrance;;;;;
;Cerave;Skincare;Skincare Products, Beauty;;;;;
;Centrale;Energy;Energy Provider, Utilities;;;;;
;Centrum;Nutrition;Multivitamins, Health;;;;;
;Chanel;Fashion;Luxury Fashion, Perfume;;;;;
;Charter Communications Inc.;Telecommunications;Cable TV, Internet;;;;;
;Charmin;Household;Toilet Paper, Bathroom;;;;;
;Cheerios;Food & Beverage;Cereal, Breakfast;;;;;
;Cheetos;Food & Beverage;Snacks, Cheese Puffs;;;;;
;Cheddars Scratch Kitchen;Food & Beverage;Casual Dining, Restaurant;;;;;
;Chevron Corporation;Energy;Oil and Gas, Energy;;;;;
;Chex Cereal;Food & Beverage;Cereal, Snacks;;;;;
;Chex Mix;Food & Beverage;Snack Mix, Trail Mix;;;;;
;Chilis;Food & Beverage;Casual Dining, Restaurant;;;;;
;Chicco;Baby Products;Baby Gear, Parenting;;;;;
;Chiclets;Confectionery;Chewing Gum, Candy;;;;;
;Citadel;Finance;Hedge Fund, Financial Services;;;;;
;Citi;Finance;Banking, Financial Services;;;;;
;Cif;Household;Cleaning Products, Household;;;;;
;Citi Bank;Finance;Banking, Financial Services;;;;;
;Ciel;Beverage;Soft Drink, Sparkling Water;;;;;
;Clinique;Skincare;Skincare Products, Beauty;;;;;
;Clin;Healthcare;Cold Sore Treatment, Healthcare;;;;;
;CNN;Media;News, Media;;;;;
;Coacola;Beverage;Soft Drink, Cola;;;;;
;Coach;Fashion;Luxury Fashion, Accessories;;;;;
;Coca Cola;Beverage;Soft Drink, Cola;;;;;
;Coca-Cola Co;Beverage;Soft Drink, Cola;;;;;
;Cocoa Puffs;Food & Beverage;Cereal, Chocolate;;;;;
;Coffeemate;Food & Beverage;Coffee Creamer, Dairy Alternatives;;;;;
;COFFEE;Food & Beverage;Coffee, Cafe;;;;;
;Coffee mate;Food & Beverage;Coffee Creamer, Dairy Alternatives;;;;;
;Coffee Starbucks?;Food & Beverage;Coffee, Coffeehouse;;;;;
;Colgate;Hygiene;Oral Care, Toothpaste;;;;;
;Colour Specialist;Haircare;Hair Color, Beauty;;;;;
;Color & Art;Art;Art Supplies, Coloring;;;;;
;Color Expert;Haircare;Hair Color, Beauty;;;;;
;Comcast;Telecommunications;Cable TV, Internet;;;;;
;Combat;Household;Insecticide, Pest Control;;;;;
;Contico;Storage;Storage Solutions, Containers;;;;;
;Confort;Household;Fabric Softener, Cleaning;;;;;
;Contac;Medicine;Cold and Flu, Medicine;;;;;
;Cookie Crip;Food & Beverage;Cookies, Snacks;;;;;
;Corn Flakes;Food & Beverage;Cereal, Breakfast;;;;;
;Costa Coffee;Food & Beverage;Coffee, Coffeehouse;;;;;
;Cottonelle;Hygiene;Toilet Paper, Bathroom;;;;;
;Country Goodness;Food & Beverage;Organic Dairy, Milk;;;;;
;Covergirl;Beauty;Makeup, Cosmetics;;;;;
;Crest;Hygiene;Toothpaste, Oral Care;;;;;
;CRUNCH;Food & Beverage;Chocolate, Snacks;;;;;
;CrossFit;Fitness;Exercise, Fitness;;;;;
;Curver;Home & Garden;Storage Solutions, Home Decor;;;;;
;Cult Gaia;Fashion;Handbags, Accessories;;;;;
;Dac;Electronics;Audio, Electronics;;;;;
;DAIES;Fashion;Women's Fashion, Clothing;;;;;
;Damla;Beverage;Mineral Water, Soft Drink;;;;;
;Damavand;Beverage;Mineral Water, Bottled Water;;;;;
;Danone;Food & Beverage;Dairy, Yogurt;;;;;
;Danone One Planet One Health;Food & Beverage;Sustainability, Health;;;;;
;Danonino;Food & Beverage;Kids' Yogurt, Dairy;;;;;
;Danette;Food & Beverage;Dessert, Dairy;;;;;
;Danao;Beverage;Fruit Juice, Dairy;;;;;
;Darphin;Skincare;Skincare Products, Beauty;;;;;
;Darphin Paris;Skincare;Skincare Products, Beauty;;;;;
;Dasani;Beverage;Bottled Water, Soft Drink;;;;;
;Davis Polk;Legal;Law Firm, Legal Services;;;;;
;Delta Air Lines;Aviation;Airlines, Air Travel;;;;;
;Dell;Technology;Computers, Electronics;;;;;
;Deloitte;Consulting;Business Consulting, Accounting;;;;;
;DELTA;Aviation;Airlines, Air Travel;;;;;
;Delight;Food & Beverage;Fruit Juice, Drinks;;;;;
;Delice Holding;Food & Beverage;Confectionery, Snacks;;;;;
;Denivit Whitening Expert;Oral Care;Toothpaste, Oral Care;;;;;
;Depend;Hygiene;Incontinence Products, Adult Care;;;;;
;Der General;Household;Cleaning Products, Household;;;;;
;DeVita Inc;Skincare;Vegan Skincare, Beauty;;;;;
;Disney;Entertainment;Entertainment, Media;;;;;
;DIVESTMENT;Finance;Investment, Financial Services;;;;;
;DIESEL;Fashion;Apparel, Accessories;;;;;
;Diadem;Haircare;Hair Accessories, Beauty;;;;;
;Diadermine;Skincare;Anti-Aging, Beauty;;;;;
;Dial;Hygiene;Soap, Body Wash;;;;;
;Diosa;Fashion;Women's Fashion, Clothing;;;;;
;Dixi;Food & Beverage;Cookies, Snacks;;;;;
;Dogadan;Beverage;Tea, Herbal Tea;;;;;
;Dolmo's;Food;;;;;;
;Domino's;Food;Games;;;;;
;Dominos;Entertainment;Cleaning;;;;;
;Domestos;Household;Pizza;;;;;
;Domino's Pizza;Food;Luxury;;;;;
;donna karan;Fashion;Chips;;;;;
;doritos;Snacks;Skincare;;;;;
;Dove;Beauty;Shoes;;;;;
;dp JORDAN;Footwear;Ice Cream;;;;;
;DQ;Food;Drink;;;;;
;Dr Pepper;Beverage;Skincare;;;;;
;Dr.Jart+;Beauty;Diapers;;;;;
;DryNites;Baby Care;Technology;;;;;
;DSEM;Education;Coffee;;;;;
;Dunkin DONUTS;Food;Batteries;;;;;
;Duracell;Electronics;Cookies;;;;;
;Dunkaroos;Snacks;Style;;;;;
;Edom;Fashion;Public Relations;;;;;
;Edelman;Business;Learning;;;;;
;educhapo;Education;Toys;;;;;
;edushape;Education;Nutrition;;;;;
;eden;Food;Dining;;;;;
;Eddie V's;Restaurants;Medicine;;;;;
;Eli Lilly;Pharmaceuticals;Technology;;;;;
;Elbit Systems;Defense;Talent;;;;;
;Endeavor;Entertainment;Batteries;;;;;
;Energizer;Energy;Medicine;;;;;
;Eno;Pharmaceuticals;Games;;;;;
;Epic;Technology;Skincare;;;;;
;ESTEE LAUDER;Beauty;Nail Polish;;;;;
;Essie;Beauty;Hair Care;;;;;
;Essensity;Beauty;Coffee;;;;;
;Espresso House;Food;Style;;;;;
;eversince;Fashion;Water;;;;;
;evian;Beverage;Clothing;;;;;
;express;Fashion;Chewing Gum;;;;;
;Extra;Food;Medicine;;;;;
;Excedrin;Pharmaceuticals;Services;;;;;
;EY;Business;Drink;;;;;
;Fanta;Beverage;Milk;;;;;
;Fairlife;Beverage;Dairy;;;;;
;Fan Milk;Food;Skincare;;;;;
;Fa;Beauty;Social Media;;;;;
;Facebook;Technology;Health;;;;;
;Fenistil;Baby Care;Services;;;;;
;fiverr;Freelance;Entertainment;;;;;
;Fiver;Music;Food;;;;;
;FIDDMe;Technology;Dietary Fiber;;;;;
;Fibre Plex;Health;Snacks;;;;;
;Fiber One;Food;Dentures;;;;;
;Fixodent;Dental Care;Nutrition;;;;;
;Flora;Food;Clothing;;;;;
;flirt;Fashion;Allergies;;;;;
;Flonase;Health;Entertainment;;;;;
;FOX;Media;Business;;;;;
;Forbes;Media;Entertainment;;;;;
;Fox Corp;Media;Vehicles;;;;;
;Ford;Automotive;Organic;;;;;
;Forager Project;Food;Water;;;;;
;Font Vella;Beverage;Dairy;;;;;
;Fonterra;Food;Drink;;;;;
;Fruitopia;Beverage;Style;;;;;
;Frlng;Fashion;Chips;;;;;
;FritoLay;Snacks;Drink;;;;;
;Fresca;Beverage;Fruits;;;;;
;Fresh'n fruity;Food;Drink;;;;;
;FuzeTea;Beverage;Gadgets;;;;;
;Galaxy;Electronics;Vehicles;;;;;
;gadi;Automotive;Skincare;;;;;
;garnier;Beauty;Clothing;;;;;
;gap;Fashion;Style;;;;;
;Galay;Fashion;Technology;;;;;
;GE;Energy;Investments;;;;;
;General Catalyst;Business;Vehicles;;;;;
;General Motors;Automotive;Software;;;;;
;Genesys;Technology;Food;;;;;
;Gerber;Baby Care;Vehicles;;;;;
;General Motors Company;Automotive;Grooming;;;;;
;Gillette;Beauty;Luxury;;;;;
;giorgio armani;Fashion;Luxury;;;;;
;Giorgio Armani Beauty;Beauty;;;;;;
;Glade;Household;Air Freshener, Home Fragrance;;;;;
;GlamGlow;Beauty;Skincare, Face Mask;;;;;
;Glaceau VitaminWater;Beverage;Vitamin Water, Hydration;;;;;
;Glaceau Smart Water;Beverage;Smart Water, Hydration;;;;;
;Gliss hair repair;Beauty;Hair Repair, Shampoo;;;;;
;Globe Life Inc;Finance;Insurance, Financial Services;;;;;
;Goldman Sachs;Finance;Investment Banking, Financial Services;;;;;
;Google;Technology;Search Engine, Technology;;;;;
;goodskin labs;Beauty;Skincare, Beauty Products;;;;;
;Good American;Fashion;Apparel, Jeans;;;;;
;Goop;Lifestyle;Wellness, Lifestyle;;;;;
;Got2b;Beauty;Hair Styling, Styling Products;;;;;
;Grassroots;Advocacy;Community, Activism;;;;;
;Green Giant;Food and Beverage;Vegetables, Frozen Food;;;;;
;Green Finger;Gardening;Gardening, Outdoor;;;;;
;Haagen - Dazs;Food and Beverage;Ice Cream, Dessert;;;;;
;Haagen-Dazs;Food and Beverage;Ice Cream, Dessert;;;;;
;Hadiklaim;Agriculture;Dates, Agricultural Cooperative;;;;;
;Hakle;Household;Tissues, Paper Products;;;;;
;HALLS;Food and Beverage;Cough Drops, Confectionery;;;;;
;Halilit;Toys and Games;Musical Toys, Baby Toys;;;;;
;Hardees;Food and Beverage;Fast Food, Burgers;;;;;
;Harmless Harvest;Beverage;Coconut Water, Organic;;;;;
;Harrogat Spring Water;Beverage;Spring Water, Bottled Water;;;;;
;HAYAT;Beverage;Bottled Water, Mineral Water;;;;;
;Hewlett Packard;Technology;Computers, Printers;;;;;
;Hewlett Packard Enterprise;Technology;Enterprise Solutions, Technology;;;;;
;HellMann's;Food and Beverage;Mayonnaise, Condiments;;;;;
;Henkel;Consumer Goods;Adhesives, Beauty Care;;;;;
;Hilton;Hospitality;Hotels, Accommodation;;;;;
;Hidra Color;Beauty;Hair Color, Hair Dye;;;;;
;Hollywood;Entertainment;Film, Movies;;;;;
;Honest;Beverage;Tea, Organic;;;;;
;Horizon Organic;Food and Beverage;Organic Milk, Dairy;;;;;
;Holding Inc.;Finance;Investment Holding, Financial Services;;;;;
;Honest Tea;Beverage;Tea, Honest;;;;;
;HP;Technology;Computers, Technology;;;;;
;Hrispy Hreme Doughnuts;Food and Beverage;Doughnuts, Dessert;;;;;
;Huge boss;Fashion;Apparel, Clothing;;;;;
;Huntsman Corp;Chemicals;Chemicals, Manufacturing;;;;;
;Huggies;Baby Care;Diapers, Baby Products;;;;;
;Hulu;Entertainment;Streaming, TV Shows;;;;;
;Hubba Bubba;Food and Beverage;Chewing Gum, Confectionery;;;;;
;IBM;Technology;Computers, Technology;;;;;
;Iba;Beauty;Halal Cosmetics, Beauty Products;;;;;
;icq;Technology;Messaging, Communication;;;;;
;Igora Royal;Beauty;Hair Color, Professional Haircare;;;;;
;Insight Partners;Finance;Venture Capital, Investment;;;;;
;Intel;Technology;Processors, Technology;;;;;
;Intuit;Finance;Accounting, Financial Software;;;;;
;Interstar;Toys and Games;Building Blocks, Construction Toys;;;;;
;Innocent;Beverage;Smoothies, Fruit Drinks;;;;;
;Indola;Beauty;Haircare, Styling;;;;;
;Instagram;Technology;Social Media, Photography;;;;;
;iPod;Technology;Music, Portable Media Player;;;;;
;Israeli fruit;Food and Beverage;Fruits, Agriculture;;;;;
;iT Cosmetics;Beauty;Makeup, Cosmetics;;;;;
;Itochu Corporation;Conglomerate;Trading, Conglomerate;;;;;
;IVORY;Beauty;Soap, Personal Care;;;;;
;Jaffa;Food and Beverage;Citrus, Juice;;;;;
;Jardin;Home and Garden;Outdoor Living, Gardening;;;;;
;Jacobs;Food and Beverage;Coffee, Beverages;;;;;
;JDE Peets;Food and Beverage;Coffee, Tea;;;;;
;Jefferies;Finance;Investment Banking, Financial Services;;;;;
;Johnson & Johnson;Health;Healthcare, Consumer Goods;;;;;
;Johnsons and Johnsons;Health;Healthcare, Consumer Goods;;;;;
;Johnson Johnson;Health;Healthcare, Consumer Goods;;;;;
;Johnson and Johnson;Health;Healthcare, Consumer Goods;;;;;
;Jordan river;Beverages;Beverages, Bottled Water;;;;;
;Jordan plains;Agriculture;Agriculture, Farming;;;;;
;Joy + Glee;Apparel;Apparel, Clothing;;;;;
;JPMorgan;Finance;Banking, Finance;;;;;
;JPMorgan Chase &Co.;Finance;Banking, Finance;;;;;
;Jus-Rol;Food and Beverage;Pastry, Baking;;;;;
;Just;Apparel;Sustainable Fashion, Clothing;;;;;
;Karsten farms / kalahari &bomaja;Agriculture;Farming, Agriculture;;;;;
;KARSTEN Jarms;Agriculture;Agriculture, Farming;;;;;
;Kapiti A Newzealand Original;Food and Beverage;Ice Cream, Dairy;;;;;
;Kenon Holdings;Energy;Energy, Holding Company;;;;;
;Keter;Home and Garden;Outdoor Furniture, Storage;;;;;
;Kerastase;Beauty;Haircare, Professional Haircare;;;;;
;Kent;Beauty;Combs, Haircare;;;;;
;Kerastase Paris;Beauty;Haircare, Luxury;;;;;
;Kenra Professional;Beauty;Haircare, Styling;;;;;
;Keurig Dr Pepper;Food and Beverage;Beverages, Coffee;;;;;
;KFC;Food and Beverage;Fast Food, Chicken;;;;;
;Kia Ora;Beverage;Juice, New Zealand;;;;;
;Kiehl's;Beauty;Skincare;;;;;
;Kilian Paris;Fragrance;Perfume;;;;;
;Kimberly-Clark;Consumer Goods;Hygiene               |;;;;;
;King Solomon;Jewelry;Gemstone;;;;;
;Kind;Food;Snacks;;;;;
;Kit Kat;Food;Chocolate;;;;;
;Kiton;Fashion;Italian Clothing;;;;;
;KIWI;Footwear;Shoe Care;;;;;
;Kix;Food;Cereal;;;;;
;Kleenex;Consumer Goods;Tissues;;;;;
;KleenGuard;Industrial;Safety Equipment;;;;;
;Knorr;Food;Seasoning;;;;;
;Komili;Beauty;Skincare;;;;;
;Kotex;Feminine Care;Sanitary Products;;;;;
;Kodak;Photography;Camera;;;;;
;KPMG;Business;Consulting;;;;;
;Kraft Heinz;Food;Condiments;;;;;
;Kroger Co;Retail;Grocery;;;;;
;Kuul Color System;Hair Care;Hair Color;;;;;
;Kylie Cosmetics;Beauty;Makeup;;;;;
;Kylieskin;Skincare;Skincare;;;;;
;Lab Series;Beauty;Men's Skincare;;;;;
;Lamisil;Health;Antifungal Medication;;;;;
;Lancome;Beauty;Cosmetics;;;;;
;Larabar;Food;Snack Bars;;;;;
;LaToja;Beauty;Skincare;;;;;
;Latina Fresh;Food;Fresh Food;;;;;
;Lavs;Fashion;Apparel;;;;;
;Lay's;Food;Potato Chips;;;;;
;Levi Strauss;Fashion;Denim;;;;;
;Lego;Toys;Building Blocks;;;;;
;Le Labo Grasse New York;Fragrance;Perfume;;;;;
;Le Chat;Household;Laundry Detergent;;;;;
;Legendary Restaurant Brands;Food and Beverage;Restaurant, Brand;;;;;
;Liberty Global PLC Class C;Telecommunications;Liberty Global, Telecommunications;;;;;
;Liberty Latin;Telecommunications;Liberty Latin, Telecommunications;;;;;
;Libert�;Food and Beverage;Yogurt, Libert�;;;;;
;Licor Polo;Beverage;Licor Polo, Drink;;;;;
;Life Body;Beauty;Life Body, Beauty;;;;;
;Lifebuoy;Beauty;Lifebuoy, Personal Care;;;;;
;Lilt kia ora;Beverage;Lilt kia ora, Drink;;;;;
;Lilt;Beverage;Lilt, Drink;;;;;
;LinkedIn;Social Media;LinkedIn, Networking;;;;;
;Lion;Food and Beverage;Lion, Chocolate;;;;;
;Lipton;Beverage;Lipton, Tea;;;;;
;Lipski;Apparel;Lipski, Fashion;;;;;
;Loreal;Beauty;Loreal, Cosmetics;;;;;
;Love Beauty and Planet;Beauty;Love Beauty, Planet, Beauty;;;;;
;Longhorn;Food and Beverage;Longhorn, Steak;;;;;
;Lux;Beauty;Lux, Soap;;;;;
;Luvs;Baby Care;Luvs, Diapers;;;;;
;Lucky Charms;Food and Beverage;Lucky Charms, Cereal;;;;;
;Lysoform;Household;Lysoform, Disinfectant;;;;;
;MAC;Beauty;MAC, Cosmetics;;;;;
;Macdonald;Food and Beverage;Macdonald, Fast Food;;;;;
;McDonald's;Food and Beverage;McDonald's, Fast Food;;;;;
;Mad About;Apparel;Mad About, Fashion;;;;;
;Maggi;Food and Beverage;Maggi, Seasoning;;;;;
;Maggie;Food and Beverage;Maggie, Food;;;;;
;Magnum;Food and Beverage;Magnum, Ice Cream;;;;;
;Magno;Beauty;Magno, Cologne;;;;;
;Maison Margiela;Fashion;Maison Margiela, Luxury;;;;;
;Mainland Good Things;Food and Beverage;Mainland, Cheese;;;;;
;Maltesers;Food and Beverage;Maltesers, Chocolate;;;;;
;Mammoth Supply Co;Apparel;Mammoth, Fashion;;;;;
;Mars;Food and Beverage;Mars, Chocolate;;;;;
;Marlboro;Tobacco;Marlboro, Cigarettes;;;;;
;Marks & Spencer;Retail;Marks & Spencer, Retail;;;;;
;Mars Incorporated;Food and Beverage;Mars Incorporated, Food;;;;;
;Martix;Technology;Martix, Software;;;;;
;Mastercard;Finance;Mastercard, Credit Card;;;;;
;Mattel;Toys and Games;Mattel, Toys;;;;;
;Matrix;Beauty;Matrix, Hair Care;;;;;
;Maxfactor;Beauty;Maxfactor, Cosmetics;;;;;
;Maybelline;Beauty;Maybelline, Cosmetics;;;;;
;Maybelline New York;Beauty;Maybelline New York, Cosmetics;;;;;
;Mayo;Food and Beverage;Mayo, Condiment;;;;;
;Mcdonalds;Food and Beverage;Mcdonalds, Fast Food;;;;;
;McDonald's;Food and Beverage;McDonald's, Fast Food;;;;;
;Monday.com;Technology;Monday.com, Project Management;;;;;
;Mont Stmichel;Travel;Mont Stmichel, Tourism;;;;;
;Mondelez International;Food and Beverage;Mondelez International, Food;;;;;
;Mondelz International;Food and Beverage;Mondelz International, Food;;;;;
;Monster Cereals;Food and Beverage;Monster Cereals, Cereal;;;;;
;Moody's;Finance;Moody's, Credit Ratings;;;;;
;Morgan Lewis;Law;Morgan Lewis, Law Firm;;;;;
;Morgan Stanley;Finance;Morgan Stanley, Investment Bank;;;;;
;Motorola;Technology;Motorola, Electronics;;;;;
;Mr. Clean Magic Eraser;Household;Mr. Clean, Cleaning;;;;;
;MUJDE;Apparel;MUJDE, Fashion;;;;;
;Mugler;Fashion;Mugler, Perfume;;;;;
;Muir Glen;Food and Beverage;Muir Glen, Tomatoes;;;;;
;My6Sense;Technology;My6Sense, Advertising;;;;;
;My dentity;Beauty;My dentity, Hair Care;;;;;
;NAE;Fashion;NAE, Sustainable Fashion;;;;;
;Natasha Denona;Beauty;Natasha Denona, Cosmetics;;;;;
;National Geographic;Media;National Geographic, Magazine;;;;;
;Natural Beauty Care;Beauty;Natural Beauty Care, Cosmetics;;;;;
;Natural Beauty Care;Beauty;Natural Beauty Care, Cosmetics;;;;;
;Nature Box;Food and Beverage;Nature Box, Snacks;;;;;
;Naturelle;Beauty;Naturelle, Hair Care;;;;;
;Nature Valley;Food and Beverage;Nature Valley, Granola Bars;;;;;
;Nectra Color;Beauty;Nectra Color, Hair Color;;;;;
;Nescafe;Beverage;Nescafe, Coffee;;;;;
;Nescafe Original;Beverage;Nescafe Original, Coffee;;;;;
;Nesfit;Food and Beverage;Nesfit, Cereal;;;;;
;Nespresso;Beverage;Nespresso, Coffee;;;;;
;Nesquik;Food and Beverage;Nesquik, Chocolate;;;;;
;Nestle;Food and Beverage;Nestle, Food;;;;;
;Nestea;Beverage;Nestea, Iced Tea;;;;;
;Nestle Coffee mate;Food and Beverage;Coffee mate, Creamer;;;;;
;Nestle Nesquik;Food and Beverage;Nesquik, Chocolate;;;;;
;Nestle Nido;Food and Beverage;Nido, Milk Powder;;;;;
;Netflix;Entertainment;Netflix, Streaming;;;;;
;Neutro Med;Health;Neutro Med, healthcare;;;;;
;Neve;Beauty;Neve, skincare;;;;;
;news world;Media;news world, news;;;;;
;Nivea;Beauty;Nivea, skincare;;;;;
;Nike;Fashion;Nike, sportswear;;;;;
;nick;Media;nick, entertainment;;;;;
;Nido;Food and Beverage;Nido, dairy;;;;;
;nicorette;Health;nicorette, quit smoking;;;;;
;Nicotinell;Health;Nicotinell, quit smoking;;;;;
;Nokia;Technology;Nokia, smartphones;;;;;
;Novelle;Beauty;Novelle, cosmetics;;;;;
;Nordic Blonde;Beauty;Nordic Blonde, hair color;;;;;
;Numil;Food and Beverage;Numil, infant formula;;;;;
;Nvidia;Technology;Nvidia, graphics cards;;;;;
;NYX;Beauty;NYX, cosmetics;;;;;
;Oikos;Food and Beverage;Oikos, yogurt;;;;;
;Oil Untime;Beauty;Oil Untime, skincare;;;;;
;ojon;Beauty;ojon, hair care;;;;;
;Olay;Beauty;Olay, skincare;;;;;
;Olly;Health;Olly, supplements;;;;;
;Olive Garden;Food and Beverage;Olive Garden, restaurant;;;;;
;Old El Paso;Food and Beverage;Old El Paso, Mexican food;;;;;
;Old Spice;Beauty;Old Spice, grooming;;;;;
;omo;Household;omo, laundry detergent;;;;;
;Only Love;Fashion;Only Love, apparel;;;;;
;Oral-B;Health;Oral-B, oral care;;;;;
;Oracle;Technology;Oracle, software;;;;;
;oricins;Beauty;oricins, skincare;;;;;
;oral-b;Health;oral-b, oral care;;;;;
;orkid;Beauty;orkid, skincare;;;;;
;Orbit;Food and Beverage;Orbit, gum;;;;;
;OSEM;Food and Beverage;OSEM, food brand;;;;;
;Osis+;Beauty;Osis+, hair styling;;;;;
;Otrivin;Health;Otrivin, nasal spray;;;;;
;outstanding;Other;outstanding, excellence;;;;;
;Oul Ultime;Beauty;Oul Ultime, hair care;;;;;
;Oui;Food and Beverage;Oui, yogurt;;;;;
;Page;Media;Page, news;;;;;
;palmolive;Household;palmolive, cleaning;;;;;
;Palette;Beauty;Palette, cosmetics;;;;;
;Pampers;Family;Pampers, diapers;;;;;
;Pantene;Beauty;Pantene, hair care;;;;;
;Panadol;Health;Panadol, pain relief;;;;;
;Panera Bread;Food and Beverage;Panera Bread, restaurant;;;;;
;Papa John's;Food and Beverage;Papa John's, pizza;;;;;
;Paramount Global;Media;Paramount Global, media;;;;;
;Paramount Pictures;Media;Paramount Pictures, film;;;;;
;Paramount;Media;Paramount, entertainment;;;;;
;parodontax;Health;parodontax, oral care;;;;;
;Partice;Beauty;Partice, cosmetics;;;;;
;Paul Weiss;Business;Paul Weiss, law firm;;;;;
;Pedigree;Pets;Pedigree, pet food;;;;;
;Pepsi;Food and Beverage;Pepsi, beverage;;;;;
;Pepsi cola;Food and Beverage;Pepsi cola, beverage;;;;;
;Pepto Bismol;Health;Pepto Bismol, digestive;;;;;
;Perrier;Beverage;Perrier, sparkling water;;;;;
;Persil;Household;Persil, laundry detergent;;;;;
;Pershing Square;Finance;Pershing Square, finance;;;;;
;Perfect Mousse;Beauty;Perfect Mousse, hair color;;;;;
;Pert;Beauty;Pert, hair care;;;;;
;Perwoll;Household;Perwoll, laundry detergent;;;;;
;Perfect Italiano;Food and Beverage;Perfect Italiano, cheese;;;;;
;Pfizer;Health;Pfizer, pharmaceuticals;;;;;
;Phillips 66;Energy;Phillips 66, oil company;;;;;
;Pizza Hut;Food and Beverage;Pizza Hut, restaurant;;;;;
;pilao;Food and Beverage;pilao, coffee;;;;;
;Pillsbury;Food and Beverage;Pillsbury, baking;;;;;
;Pillsbury Atta;Food and Beverage;Pillsbury Atta, flour;;;;;
;PLAINS;Energy;PLAINS, oil company;;;;;
;Plenitind;Health;Plenitind, digestive;;;;;
;Plenitud;Health;Plenitud, incontinence;;;;;
;Pope1;Media;Pope1, news;;;;;
;Polident;Health;Polident, oral care;;;;;
;Poise;Health;Poise, feminine care;;;;;
;Prada;Fashion;Prada, luxury brand;;;;;
;Pravana;Beauty;Pravana, hair care;;;;;
;premier;Other;premier, top quality;;;;;
;Pret Organic Coffee;Food and Beverage;Pret Organic Coffee, coffee;;;;;
;pringles;Food and Beverage;pringles, snacks;;;;;
;Pril;Household;Pril, dishwashing;;;;;
;Primo;Food and Beverage;Primo, pasta sauce;;;;;
;Prilosec;Health;Prilosec, heartburn relief;;;;;
;protex;Health;protex, soap;;;;;
;ProViva;Health;ProViva, digestive;;;;;
;Progresso;Food and Beverage;Progresso, soup;;;;;
;Procter &Gamble;Consumer Goods;Procter &Gamble, consumer goods;;;;;
;Purina;Pets;Purina, pet food;;;;;
;Puma;Fashion;Sportswear, Athletic;;;;;
;Pure Color;Beauty;Cosmetics, Makeup;;;;;
;PVH;Fashion;Apparel, Fashion;;;;;
;PwC;Business;Consulting, Professional Services;;;;;
;Quality Street;Food and Beverage;Confectionery, Chocolates;;;;;
;qvc;Retail;Home Shopping, E-commerce;;;;;
;Raid;Household;Insecticide, Pest Control;;;;;
;Raytheon;Aerospace;Defense, Technology;;;;;
;ralah lauren;Fashion;Apparel, Fashion;;;;;
;Ralph Lauren;Fashion;Apparel, Luxury;;;;;
;rbi restaurant brands internationa;Food and Beverage;Restaurant, Fast Food;;;;;
;Real Food Blends;Food and Beverage;Nutrition, Health;;;;;
;redken;Beauty;Hair Care, Salon;;;;;
;Redken 5th Avenue NYC;Beauty;Hair Care, Salon;;;;;
;Reese's Puffs;Food and Beverage;Cereal, Snack;;;;;
;rejoice;Beauty;Hair Care, Shampoo;;;;;
;Renuzit;Household;Air Freshener, Home;;;;;
;Revlon;Beauty;Cosmetics, Makeup;;;;;
;Rexona Onnit;Health;Deodorant, Personal Care;;;;;
;River Island;Fashion;Apparel, Retail;;;;;
;rinso;Household;Laundry Detergent, Cleaning;;;;;
;Rindex;Fashion;Apparel, Clothing;;;;;
;Rowntree;Food and Beverage;Confectionery, Sweets;;;;;
;rummikub;Toys and Games;Board Game, Entertainment;;;;;
;ruffles;Food and Beverage;Snack, Chips;;;;;
;sabra;Food and Beverage;Snack, Hummus;;;;;
;Safeguard;Personal Care;Soap, Hygiene;;;;;
;Salus;Health;Supplements, Wellness;;;;;
;Salvo;Household;Cleaning, Detergent;;;;;
;sanex;Beauty;Skincare, Personal Care;;;;;
;sana;Health;Wellness, Nutrition;;;;;
;Sara Lee;Food and Beverage;Bakery, Desserts;;;;;
;Sarihusada;Food and Beverage;Dairy, Nutrition;;;;;
;Schauma;Beauty;Hair Care, Shampoo;;;;;
;Schwarzkopf;Beauty;Hair Care, Styling;;;;;
;Scorpio;Fashion;Apparel, Clothing;;;;;
;Scott;Household;Tissue, Paper Products;;;;;
;seaspa;Beauty;Skincare, Spa;;;;;
;sean john;Fashion;Apparel, Urban;;;;;
;Seah;Fashion;Apparel, Swimwear;;;;;
;Secret;Personal Care;Deodorant, Hygiene;;;;;
;sensus;Technology;Metering, Data;;;;;
;Sensodyne;Health;Oral Care, Toothpaste;;;;;
;Sequoia Capital;Finance;Venture Capital, Investments;;;;;
;Sexyhair;Beauty;Hair Care, Styling;;;;;
;Shreddies;Food and Beverage;Cereal, Breakfast;;;;;
;Shape;Fitness;Health, Exercise;;;;;
;shu uemura;Beauty;Cosmetics, Makeup;;;;;
;Shake Shack;Food and Beverage;Restaurant, Fast Food;;;;;
;Sheba;Pet Care;Cat Food, Pet Nutrition;;;;;
;Sheba;Fashion;Apparel, Clothing;;;;;
;sirma;Food and Beverage;Dairy, Milk;;;;;
;Simply Beverages;Food and Beverage;Beverages, Drinks;;;;;
;Silk Plant Power;Food and Beverage;Plant-Based, Dairy Alternatives;;;;;
;Silhouette;Fashion;Eyewear, Glasses;;;;;
;Silhouette;Beauty;Body Shape, Silhouette;;;;;
;Skydance;Entertainment;Film, Production;;;;;
;Skims;Fashion;Apparel, Shapewear;;;;;
;Skinny DIP;Fashion;Swimwear, Accessories;;;;;
;Skittles;Food and Beverage;Candy, Sweets;;;;;
;SK-II;Beauty;Skincare, Luxury;;;;;
;Smarties;Food and Beverage;Candy, Confectionery;;;;;
;smashbox;Beauty;Cosmetics, Makeup;;;;;
;Smartwater;Beverage;Water, Hydration;;;;;
;SNICKERS;Food and Beverage;Chocolate, Snack Bar;;;;;
;Snowberry;Beauty;Skincare, Natural;;;;;
;SodaStream;Beverage;Sparkling Water, DIY;;;;;
;softsheen carson;Beauty;Hair Care, Styling;;;;;
;sodastream;Beverage;Sparkling Water, DIY;;;;;
;Somat;Household;Dishwashing, Cleaning;;;;;
;Soprole;Food and Beverage;Dairy, Milk;;;;;
;Soprole;Food and Beverage;Dairy, Nutrition;;;;;
;Spotify;Music;Streaming, Entertainment;;;;;
;Sparks;Energy;Energy Drink, Beverage;;;;;
;standard;Other;General, Standard;;;;;
;STAR;Media;Entertainment, Television;;;;;
;Starbucks;Food and Beverage;Coffee, Retail;;;;;
;Starburst;Food and Beverage;Candy, Chewy Sweets;;;;;
;Star bucks;Food and Beverage;Coffee, Retail;;;;;
;Starbucks coffee;Food and Beverage;Coffee, Retail;;;;;
;Starbucks coffee;Food and Beverage;Coffee, Retail;;;;;
;structure;Other;General, Structure;;;;;
;Steak & Ale;Food and Beverage;Restaurant, Pub;;;;;
;Strauss;Food and Beverage;Dairy, Food;;;;;
;Strait Styling;Beauty;Hair Care, Styling;;;;;
;Sunkist;Beverage;Citrus, Juice;;;;;
;sun;Energy;Solar energy, Sunlight;;;;;
;superor;Other;Superior, Excellence;;;;;
;Sunsilk;Hair Care;Shampoo, Hair care;;;;;
;Subway;Food and Beverage;Sandwiches, Fast food;;;;;
;Summer Fridays;Beauty;Skincare, Beauty products;;;;;
;Supreme Keratin;Hair Care;Keratin treatment, Hair care;;;;;
;Sweetgreen;Food and Beverage;Salad, Healthy food;;;;;
;Swiffer;Household;Cleaning, Household products;;;;;
;Syoss;Hair Care;Hair styling, Professional hair care;;;;;
;Symbio Probalance;Health;Probiotics, Digestive health;;;;;
;Taco Bell;Food and Beverage;Mexican food, Fast food;;;;;
;taf toys;Toys and Games;Baby toys, Educational toys;;;;;
;Taid;Health;Dietary supplements, Health products;;;;;
;tali;Apparel;Fashion, Clothing;;;;;
;Tamara;Fashion;Women's fashion, Clothing;;;;;
;Tampax;Health;Feminine care, Menstrual products;;;;;
;Tang;Beverage;Drink mix, Fruit-flavored beverages;;;;;
;Tec italy;Hair Care;Hair products, Professional hair care;;;;;
;Tefron;Fashion;Apparel, Textiles;;;;;
;tela;Technology;Fabric, Technology;;;;;
;Tera xyl;Health;Xylitol, Sugar substitute;;;;;
;Tesla;Automotive;Electric cars, Sustainable transport;;;;;
;teva;Fashion;Footwear, Shoes;;;;;
;Teva Pharmaceutical;Health;Pharmaceuticals, Medicine;;;;;
;The Body Shop;Beauty;Skincare, Beauty products;;;;;
;The Cultured Snacking Co.;Food and Beverage;Snacks, Healthy snacks;;;;;
;The Capita Grille;Food and Beverage;Restaurant, Casual dining;;;;;
;The Ordinary;Beauty;Skincare, Beauty products;;;;;
;The Vegetarian Butcher;Food and Beverage;Plant-based, Vegetarian products;;;;;
;Thirsty Planet;Beverage;Water, Bottled water;;;;;
;Tide;Household;Laundry detergent, Cleaning;;;;;
;Timberland;Fashion;Footwear, Outdoor clothing;;;;;
;TIME;Media;Magazine, News;;;;;
;Tim Hortons;Food and Beverage;Coffee, Fast food;;;;;
;tiny love;Toys and Games;Baby toys, Developmental toys;;;;;
;Tipalti;Finance;Financial technology, Payments;;;;;
;Tip Top;Food and Beverage;Bread, Bakery products;;;;;
;Tivall;Food and Beverage;Vegetarian, Meat alternatives;;;;;
;Toblerone;Food and Beverage;Chocolate, Swiss chocolate;;;;;
;Tommy Hilfiger;Fashion;Apparel, Designer clothing;;;;;
;tom ford;Fashion;Perfume, Luxury fashion;;;;;
;Tom Ford Beauty;Beauty;Cosmetics, Luxury beauty;;;;;
;Tom Futyor Bea;Beauty;Cosmetics, Beauty products;;;;;
;Tone;Beauty;Soap, Bath and body;;;;;
;Too Faced Cosmetics;Beauty;Makeup, Cosmetics;;;;;
;Too Faced;Beauty;Makeup, Beauty products;;;;;
;topo chico;Beverage;Mineral water, Sparkling water;;;;;
;TopoChico;Beverage;Mineral water, Sparkling water;;;;;
;Tory Burch;Fashion;Women's fashion, Accessories;;;;;
;Total;Energy;Oil and gas, Energy;;;;;
;Totino's /Jeno's;Food and Beverage;Pizza rolls, Snacks;;;;;
;TOYBOX;Toys and Games;Toys, Games;;;;;
;Trix;Food and Beverage;Cereal, Breakfast;;;;;
;Turtle Mountain Dairy Free;Food and Beverage;Dairy-free, Ice cream;;;;;
;Turtle Mountain Dairy Free;Food and Beverage;Dairy-free, Ice cream;;;;;
;TWIX;Food and Beverage;Chocolate, Candy;;;;;
;UBS;Finance;Banking, Financial services;;;;;
;UPS;Logistics;Shipping, Courier services;;;;;
;Urban Decay;Beauty;Makeup, Cosmetics;;;;;
;Unilever;Consumer Goods;Consumer products, FMCG;;;;;
;Vaseline;Beauty;Skincare, Petroleum jelly;;;;;
;vanish;Household;Stain remover, Laundry;;;;;
;Vaseline;Beauty;Skincare, Petroleum jelly;;;;;
;Valentino;Fashion;Luxury fashion, Designer clothing;;;;;
;Vademecum;Health;Toothpaste, Oral care;;;;;
;vegetable &herbs;Food and Beverage;Vegetables, Herbs;;;;;
;Veolia;Environmental;Environmental services, Waste management;;;;;
;Verizon;Telecommunications;Telecom, Mobile services;;;;;
;Vega;Health;Plant-based, Protein;;;;;
;Vernel;Household;Fabric softener, Laundry;;;;;
;viber;Technology;Messaging, Communication;;;;;
;Victoria's Secret;Fashion;Lingerie, Women's fashion;;;;;
;Vichy;Beauty;skincare, cosmetics;;;;;
;Vichy Laboratories;Beauty;skincare, cosmetics;;;;;
;Vigor;Food and Beverage;dairy products, nutrition;;;;;
;VIick;Health;cold and flu, health;;;;;
;Viktor & Rolf;Fashion;luxury fashion, fragrances;;;;;
;Villavicencia;Fashion;apparel, clothing;;;;;
;Villa del Sur Movil;Food and Beverage;dairy products, beverages;;;;;
;Vim;Household;cleaning, household;;;;;
;Visa Inc.;Finance;payments, financial services;;;;;
;Vital Proteins;Health;supplements, collagen;;;;;
;Vitamin Water;Beverage;beverages, vitamin-enhanced;;;;;
;Volkswagen;Automotive;cars, vehicles;;;;;
;Vontier;Technology;technology, industrial;;;;;
;Volvic;Beverage;mineral water, beverages;;;;;
;Voltaren;Health;pain relief, pharmaceutical;;;;;
;Walmart;Retail;retail, superstore;;;;;
;Walls;Food and Beverage;ice cream, desserts;;;;;
;Wall's;Food and Beverage;ice cream, desserts;;;;;
;Walt Disney;Media;entertainment, media;;;;;
;Wallaby Organic;Food and Beverage;organic, dairy products;;;;;
;Wanchai Ferry;Food and Beverage;frozen food, Chinese cuisine;;;;;
;Warner Brothers Discovery;Media;entertainment, media;;;;;
;Waze;Technology;navigation, mapping;;;;;
;Wellw;Health;wellness, health products;;;;;
;Wells Fargo;Finance;banking, financial services;;;;;
;We Wore What;Fashion;fashion, lifestyle;;;;;
;Western Star;Automotive;trucks, vehicles;;;;;
;Whiskas;Pets;pet food, cat care;;;;;
;WhatsApp;Technology;messaging, communication;;;;;
;Wheaties;Food and Beverage;cereal, breakfast;;;;;
;Wilson;Sports;sports equipment, tennis;;;;;
;Wix;Technology;website, web development;;;;;
;Wondersoft;Household;tissue, household;;;;;
;WWE;Sports;wrestling, entertainment;;;;;
;WypAll;Household;cleaning, wipes;;;;;
;Yakult;Food and Beverage;probiotics, beverages;;;;;
;Yard House;Food and Beverage;restaurant, pub;;;;;
;Yorkie;Food and Beverage;chocolate, confectionery;;;;;
;Youth to the People;Beauty;skincare, beauty products;;;;;
;Yooji;Food and Beverage;baby food, infant nutrition;;;;;
;Yo Crunch;Food and Beverage;yogurt, snacks;;;;;
;YoCream;Food and Beverage;frozen yogurt, desserts;;;;;
;Yoki;Food and Beverage;food products, Brazilian food;;;;;
;Zest;Household;soap, personal care;;;;;
;Ziff Davis;Media;media, digital publishing;;;;;
;Zegna;Fashion;menswear, luxury fashion;;;;;
;Zywiec Zdroj;Beverage;water, beverages;;;;;
;Zovirax;Health;pharmaceutical, antiviral;;;;;
;Zotos Professional;Beauty;hair care, salon products;;;;;
